Product ID;Type;Air_temperature;Process_temperature;Rotational_speed;Torque;Tool_wear;Machine_failure
L47471;L;298;308,3;1473;42,6;107;0
L47731;L;297,4;309,2;1274;54,3;121;0
H29500;H;299;309;1436;43,9;20;0
L47463;L;298,2;308,2;1469;43;88;0
L47781;L;297,9;309,7;2194;16,8;27;0
M17609;M;299,7;309,2;1685;28,9;179;1
M20169;M;303,9;313,2;1422;48;215;1
L50199;L;300,5;309,8;1379;54,2;207;1
H29767;H;297,5;308,3;1674;30;54;0
M15100;M;298;308,1;1339;51,6;197;0
L47643;L;297,4;308,7;2874;4,2;118;1
L47609;L;297,5;308,6;1208;62,3;28;0
M19118;M;302,7;311,1;1297;60,7;125;1
H33979;H;302,7;310,8;1275;55;25;1
M15270;M;297,5;308,6;1472;44,9;198;0
L54943;L;300,4;311,6;1200;76,6;3;1
M15243;M;297,5;308,6;1842;27;133;0
L56833;L;299;309,9;1373;55,7;201;1
L47255;L;298,8;308,9;1379;46,7;204;0
M15196;M;297,6;308,2;1995;20,5;10;0
M19857;M;303,6;312,8;2659;11,4;26;1
H29610;H;298,3;308,6;1432;49,5;91;0
L47813;L;298,3;310;1442;43,9;110;0
L47564;L;297,5;308,5;1712;26,8;136;0
H30501;H;296,9;307,8;1549;35,8;206;1
L47663;L;297,4;309;1324;56,9;173;0
M14973;M;298,8;308,6;1486;41,9;92;0
L53352;L;300,8;310,6;1577;37,9;227;1
L47691;L;297,5;309,3;1479;39,4;22;0
L47476;L;298;308,5;1395;46,2;122;0
L56839;L;298,9;309,8;1287;61,9;216;1
L47348;L;298,4;308,3;1433;62,3;20;1
L47256;L;298,8;308,9;1461;47,9;206;0
L47254;L;298,9;309;1601;32,3;202;0
L47580;L;297,4;308,5;2100;16,9;176;0
L47837;L;297,7;309,2;1365;58,6;170;0
M15111;M;298;308,2;1466;42,6;2;0
L47290;L;298,8;308,6;1872;22,5;82;0
M15268;M;297,4;308,6;1434;44,4;193;0
M14894;M;298,8;309,1;1559;34,7;95;0
M14869;M;298,5;309;1741;28;21;0
M15431;M;297,8;309,8;1676;29;178;0
H29742;H;297,6;308,4;1703;31,4;205;0
M19067;M;302,3;310,9;1710;30,4;218;1
L47827;L;297,7;309,3;1559;36,9;145;0
M15011;M;298,4;308,2;1463;37,6;188;0
H29569;H;298,4;308,2;1987;19,8;198;0
L47201;L;298,8;309,3;1450;44,8;63;0
L47233;L;298,7;309;1565;35,1;152;0
H29550;H;298,7;308,5;1420;45,7;143;0
M14895;M;298,8;309,2;1452;48,6;98;0
L51909;L;303,4;311,8;1306;61;215;1
L47692;L;297,5;309,2;1426;44,8;24;0
M15267;M;297,4;308,5;1600;42,1;190;0
L47301;L;298,9;308,7;1558;41,2;110;0
L56354;L;297,8;308,9;1871;25,6;200;1
L47790;L;298,1;310;1534;33,7;47;0
L51459;L;302;310,1;1361;45,4;174;1
M15018;M;298,4;308,2;1499;40;211;0
M15030;M;298,4;308,2;1610;35;24;0
L54460;L;299,9;310,2;1288;69,6;62;1
H29951;H;297,4;309,3;1516;43;83;0
L54773;L;300,5;311,2;1270;67,5;208;1
H29734;H;297,8;308,4;1550;38,2;185;0
H29776;H;297,6;308,3;1640;30,9;79;0
L52321;L;304,4;313,7;1509;35;205;1
L51429;L;302,5;310,9;1330;56,9;97;1
L47807;L;298,4;310,1;1455;42,2;94;0
L47235;L;298,8;309,1;1512;40,7;156;0
L47926;L;296,8;308,1;1289;62;199;1
L47437;L;298;308;1615;29,5;15;0
H29870;H;297,3;308,7;1478;47,6;98;0
L47555;L;297,4;308,2;1533;37,4;115;0
L47791;L;298,1;310;1553;40,9;49;0
L47634;L;297,4;308,7;1468;46,6;94;0
L55375;L;299,4;310,8;1376;53,9;215;1
L47664;L;297,4;309;1568;33,7;175;0
L47407;L;298,3;308,5;1539;36,1;168;0
L47497;L;297,8;308,4;1685;28,4;179;0
L56264;L;297,2;307,9;1326;75,4;172;1
L48775;L;298;308,2;1365;52,9;218;1
M19587;M;303,4;311,8;1341;47;210;1
L47273;L;299,1;309;1450;43;40;0
L51903;L;303,4;311,8;1366;50,9;200;1
L57154;L;298,6;308,2;1361;68,2;172;1
M15532;M;297,6;308,9;1433;43,2;206;0
M15435;M;297,9;309,9;1410;55,4;188;0
L56843;L;299,1;310,1;1435;48,8;229;1
M15440;M;297,8;309,8;1798;25,5;203;0
L47499;L;297,8;308,4;1612;32,1;183;0
L57010;L;298,3;309,3;1337;56,1;206;1
L47616;L;297,3;308,3;1504;36,3;45;0
H29571;H;298,4;308,2;1478;43,5;206;0
L47303;L;298,9;308,7;1546;43,4;114;0
L47674;L;297,6;309,4;1326;49,8;199;0
L47355;L;298,2;308,1;1382;43,5;37;0
L47584;L;297,3;308,6;1297;45,9;184;0
L51601;L;302,6;310,2;1325;62,4;92;1
L47513;L;297,5;308,2;1647;31,3;3;0
L54263;L;300,7;310,4;1416;61,8;209;1
M19221;M;302,1;310,1;1379;48,2;166;1
M19580;M;303,4;311,7;1353;44,1;192;1
H29997;H;297,7;309,6;1697;32,2;210;0
L50536;L;301,6;310,8;1355;57,8;195;1
L47786;L;297,9;309,8;1461;50,5;38;0
L47789;L;298,1;309,9;1629;32,5;45;0
L47783;L;297,9;309,8;1336;71,6;31;1
L47368;L;298,3;308,5;1606;33,6;67;0
L47673;L;297,5;309,3;1470;38,8;197;0
M19269;M;302,4;310,1;1358;54,6;61;1
M19013;M;302;310,4;1212;55,6;79;1
H29581;H;298,4;308,3;1458;42,9;15;0
M15417;M;297,5;309,4;1433;48,3;139;0
M15299;M;297,4;308,3;1535;34,6;51;0
L47700;L;297,6;309,5;1617;36,2;42;0
L51823;L;303,2;311,4;1324;54,2;228;1
L51826;L;303,3;311,4;1497;46;234;1
M19597;M;303,2;311,5;1336;58,2;2;1
L47480;L;297,8;308,4;1622;38,3;134;0
L56198;L;297,3;308,1;1615;35,4;217;1
L51450;L;302,6;310,9;1331;52;154;1
H30058;H;297,7;309,4;1608;30,2;135;0
H30001;H;297,6;309,5;1623;33,1;224;0
L51405;L;302,1;310,7;1359;49,3;41;1
L51465;L;301,7;309,9;1317;49;187;1
L47455;L;298;308;1401;54,7;65;0
L47615;L;297,4;308,3;1493;41,2;43;0
M15257;M;297,4;308,3;1774;28,9;166;0
L47234;L;298,7;309;1691;30,1;154;0
L47308;L;299;308,6;1587;38,6;124;0
L47814;L;298,3;309,9;1507;41,6;112;0
L47393;L;298,4;308,7;1386;44,9;135;0
L47810;L;298,3;310;1460;47,6;101;0
L50759;L;301,8;310,6;2672;11,8;124;1
L47284;L;298,8;308,7;1450;43,4;66;0
L51335;L;302;310,5;1370;44,4;85;1
L51615;L;302,3;310,1;1321;52,7;134;1
H33492;H;302,1;310,7;1294;62,4;101;1
L47748;L;297,8;309,7;1935;22,1;171;0
L48265;L;297;307,8;1385;56,4;202;1
L51911;L;303,3;311,6;1301;45,1;219;1
L51716;L;302,4;310,2;1351;45,1;168;1
L47264;L;298,9;308,9;1422;47,6;15;0
L47435;L;298;308,2;1489;40,4;11;0
L47848;L;297,5;308,9;1738;24;195;0
L48763;L;298,2;308,4;1310;61;189;1
L47694;L;297,4;309,2;1620;33,2;28;0
M15421;M;297,5;309,4;1678;34,4;148;0
L47397;L;298,3;308,5;1664;31,6;144;0
M15245;M;297,6;308,6;1414;45,4;138;0
H29857;H;297,4;308,5;1469;45,1;63;0
M23105;M;299;310,3;1303;68,6;111;1
L47454;L;298,1;308;1652;28,5;63;0
L51831;L;303,2;311,4;1349;51,1;9;1
L52797;L;303,1;312,4;1404;61,5;127;1
L50973;L;302,3;310,9;1379;49,3;34;1
M19416;M;302,7;310,6;1349;51,2;6;1
M15008;M;298,3;308,3;1379;48;181;0
L47325;L;298,5;308,4;1513;33,6;172;0
L47433;L;298;308,2;1357;48,2;7;0
M22451;M;300,5;311,1;1296;61,3;202;1
L47712;L;297,5;309,4;1443;45,4;70;0
M20475;M;303;312,2;1257;71,3;122;1
L48106;L;295,6;306,1;1372;55,6;215;1
M15119;M;298,1;308,2;1420;63,9;19;1
L47792;L;298,1;309,9;1563;32,8;51;0
H29481;H;298,8;308,9;1466;44,1;184;0
L47464;L;298,2;308,3;2051;19,2;90;0
L47743;L;297,7;309,6;1529;35,2;153;0
L47267;L;299;309;1544;31,8;25;0
L51882;L;303,6;311,8;1222;66,8;148;1
L47757;L;297,7;309,7;1591;37,7;196;0
L51337;L;302;310,5;1263;60,6;90;1
L47765;L;297,6;309,5;2001;20,5;220;0
L53121;L;300,6;310,7;1438;48,5;78;1
L47695;L;297,5;309,2;1715;28;30;0
M15325;M;297,3;308,6;1456;42,9;122;0
M14967;M;298,8;308,8;1497;46,8;72;0
M15281;M;297,3;308,3;1657;31,1;8;0
L47686;L;297,6;309,3;1543;34,3;8;0
L47846;L;297,5;309;1470;43,5;191;0
L47240;L;298,8;309,1;1393;52,6;167;0
M15388;M;297,5;309,5;1553;42,4;60;0
L49511;L;299,3;308,6;1384;53,6;218;1
H30005;H;297,5;309,3;1525;41,7;235;0
L47809;L;298,3;310,1;1523;45,9;99;0
L47818;L;298;309,6;1536;37,3;120;0
L47705;L;297,4;309,4;1466;45,5;53;0
L47693;L;297,4;309,2;1428;38,8;26;0
M15004;M;298,6;308,4;1391;42,4;169;0
M16184;M;298,8;310,1;1243;74,5;194;1
M14930;M;298,9;309;1924;22,6;193;0
L47211;L;299;309,4;1798;25,5;89;0
H29921;H;297,8;309,4;1445;48,2;10;0
M23874;M;297,2;308,1;1340;61,3;207;1
L47522;L;297,4;308,2;1471;46,5;25;0
L47635;L;297,4;308,7;1429;57,4;96;0
L47535;L;297,6;308,3;1623;36,9;61;0
M15218;M;297,6;308,3;1467;36,7;68;0
L55870;L;297,1;308,5;1323;44,4;207;1
L47843;L;297,5;308,9;1469;44;185;0
L51928;L;303,2;311,2;1363;46,7;29;1
L49761;L;299,2;309,1;1345;60,7;191;1
H32278;H;300,6;309,4;1380;47,6;246;1
M15095;M;298,1;308,3;1680;33,7;185;0
L47728;L;297,4;309,3;1332;53,2;115;0
M15074;M;298,3;308,6;1589;37,1;137;0
H29957;H;297,5;309,3;1563;36,1;100;0
L48341;L;297;307,8;1316;61,2;200;1
L47340;L;298,4;308,2;1282;60,7;216;1
M19622;M;303,7;312;2663;11,4;71;1
M19251;M;302,2;310,1;1368;51,6;12;1
L47562;L;297,5;308,5;1335;48;131;0
L47390;L;298,4;308,7;1523;36,1;126;0
L47646;L;297,2;308,5;1550;41,5;125;0
L47704;L;297,4;309,4;1620;35,4;51;0
H29968;H;297,5;309,4;1368;45,3;129;0
M15054;M;298,2;308,5;2678;10,7;86;1
H29724;H;298;308,6;1526;41,8;160;0
L47436;L;298,1;308,3;1331;63;13;0
M14921;M;298,8;309;1592;38,2;169;0
M23786;M;297,3;308,3;1459;59,6;207;1
L47244;L;299;309,1;1523;38,6;177;0
L51586;L;302,5;310,3;1326;58,5;55;1
L47297;L;298,8;308,6;1599;33;101;0
M15426;M;297,6;309,7;1541;33,7;165;0
L47311;L;298,8;308,4;1737;27,7;130;0
L47801;L;298,3;310,1;1408;45,3;78;0
H29712;H;297,9;308,5;2129;18,7;126;0
M15219;M;297,6;308,3;1567;34,6;71;0
H30851;H;298,8;309,9;1439;45,2;40;1
M15346;M;297,4;309,1;1582;35,9;180;0
M18666;M;302,3;310,9;1360;44;67;1
L50967;L;302,3;310,8;1377;47,3;22;1
L47551;L;297,5;308,4;1604;38,1;106;0
L47523;L;297,5;308,3;1388;48,6;27;0
L47219;L;298,8;309,1;1350;52,5;111;0
L51780;L;303;311;1359;44,2;115;1
L48347;L;297;308,1;1362;52,5;213;1
L47465;L;298,2;308,3;1568;36;92;0
M14904;M;298,8;309,1;1472;47,5;125;0
L47444;L;298,1;308,2;1390;47,5;33;0
L55106;L;300,7;311,9;1335;57,1;194;1
L49778;L;299,1;308,8;1320;67,5;20;1
L51310;L;301,9;310,4;1286;62,8;22;1
L47327;L;298,4;308,4;1515;40,1;179;0
M14865;M;298,1;308,6;1425;41,9;11;0
L47225;L;298,8;309,1;1489;49,1;128;0
L47286;L;298,8;308,7;1445;48,5;70;0
L47274;L;299;308,9;1622;31,9;42;0
L47685;L;297,6;309,3;1610;35;6;0
L47237;L;298,8;309,1;1513;40,3;160;0
L47594;L;297,4;308,4;1588;32,5;207;0
L47518;L;297,5;308,2;1563;38,2;15;0
L47677;L;297,4;309;1505;39,2;209;0
M15088;M;298,3;308,5;1629;37,1;170;0
L47481;L;297,7;308,4;1740;27,1;136;0
L51297;L;301,9;310,5;1340;55,7;204;1
M15279;M;297,3;308,3;1501;38,2;2;0
L51738;L;302,7;310,7;1369;47,5;11;1
L51597;L;302,6;310,4;1365;66,8;80;1
M15033;M;298,2;308;1591;33,7;32;0
M15105;M;297,9;308,1;1627;31,4;209;0
L47525;L;297,5;308,3;1585;32,9;32;0
L51508;L;301,6;310,1;1326;48,2;77;1
L47472;L;298,1;308,4;1335;40,2;109;0
M15382;M;297,5;309,5;1448;43,7;46;0
L49413;L;299,5;308,7;2549;13;179;1
L47314;L;298,8;308,4;1369;53;138;0
L47844;L;297,5;308,9;1390;47,4;187;0
L51318;L;301,7;310,2;1311;57,4;40;1
L51939;L;303,5;311,6;1361;46,5;62;1
L47857;L;297,9;309,2;1478;39,7;10;0
M15369;M;297,6;309,3;1415;41,3;17;0
L47345;L;298,5;308,4;1733;26;8;0
L51487;L;301,4;309,9;1259;63,9;20;1
M15345;M;297,4;309;1685;30,7;177;0
M15399;M;297,4;309,3;1775;25,8;91;0
L51320;L;301,7;310,2;1331;61,2;47;1
H29885;H;297,3;308,8;1419;42,4;139;0
L47466;L;298,2;308,3;1589;33,2;94;0
L47606;L;297,4;308,5;1501;44,9;20;0
M15285;M;297,3;308,4;1665;28,9;17;0
H30038;H;298,3;310,1;1509;37,6;85;0
L54112;L;300,8;311,4;1322;67,2;18;1
L47402;L;298,4;308,6;1304;45;158;0
L47515;L;297,4;308,1;1749;25,9;8;0
L47447;L;297,9;308;1954;21,1;42;0
L56938;L;298,6;309,8;2271;16,2;218;1
L47186;L;298,1;308,6;1558;42,4;14;0
M15347;M;297,4;309,1;1463;35;183;0
H35833;H;300,3;309,9;1394;46,7;210;1
M15190;M;297,6;308,4;1398;41,9;215;0
L47602;L;297,3;308,3;1333;55,2;11;0
L47306;L;299;308,6;1329;60,5;120;0
L51276;L;301,9;310,4;1370;51,7;153;1
L47821;L;297,9;309,5;1390;47,9;127;0
M15535;M;297,8;309,1;1424;45,5;2;0
M18727;M;302,7;311,6;2709;9,7;2;1
L47597;L;297,4;308,4;1394;50,1;213;0
H29457;H;298,8;309,2;1372;48,5;120;0
H29606;H;298,2;308,4;1398;51,8;76;0
L47452;L;298,1;308,1;1484;40,4;59;0
L51260;L;302;310,4;1357;58;108;1
M22857;M;301;312,2;2710;9,7;143;1
L47567;L;297,7;308,7;1249;60,4;143;0
L55789;L;297,4;308,3;1475;40,5;222;1
L47380;L;298,4;308,6;1609;35;103;0
L47595;L;297,5;308,4;1511;42,8;209;0
L47628;L;297,5;308,6;1552;44,9;77;0
H29865;H;297,5;308,6;1440;46,1;84;0
M14860;M;298,1;308,6;1551;42,8;0;0
L47317;L;298,7;308,6;1297;55,3;148;0
L51948;L;303,6;312;1309;52,9;86;1
L51391;L;302,1;310,7;1314;52,8;8;1
M15159;M;297,8;308,3;1567;35,6;131;0
L56834;L;299,1;310;1367;56,3;203;1
L47554;L;297,4;308,3;1431;43;113;0
H29874;H;297,3;308,6;1431;42;109;0
L47410;L;298,3;308,6;1570;34,8;175;0
L50940;L;302,3;310,9;1377;46,8;166;1
L47231;L;298,9;309,1;1383;54,9;145;0
L47534;L;297,6;308,3;1658;34,3;59;0
L47766;L;297,6;309,6;1501;49,8;222;1
L51506;L;301,6;310,1;1362;55,8;70;1
L52241;L;304;312,9;1363;62,5;200;1
M17739;M;300,6;309,4;1367;63,2;45;1
L52670;L;302,6;312,1;1288;68,5;0;1
H34813;H;302,8;312,4;1411;53,8;246;1
L47492;L;297,9;308,6;1468;36;168;0
M15171;M;298;308,6;1453;44,1;165;0
L51841;L;303,3;311,3;1350;48,1;32;1
L56847;L;299,2;310,3;1352;48,9;238;1
L47366;L;298,1;308,3;1301;56;63;0
L47729;L;297,4;309,2;1437;40,4;117;0
L47310;L;298,8;308,4;1473;41,1;128;0
L54191;L;300,5;310,5;2633;12,2;17;1
L47618;L;297,4;308,4;1341;52,2;49;0
L51212;L;302;310,8;1383;50,3;231;1
L53258;L;300,8;310,7;1339;59,1;203;1
L53339;L;301;311;1399;58;190;1
M15379;M;297,7;309,5;2027;19,8;39;0
M19287;M;302,4;310,1;1379;48,9;107;1
M15232;M;297,4;308,3;1405;51,7;108;0
L47419;L;298;308,2;1611;30,6;195;0
L47520;L;297,4;308,1;1474;39,4;20;0
M15049;M;298,3;308,4;1539;43,4;69;0
M15307;M;297,6;308,7;1376;59,9;74;0
L47633;L;297,4;308,7;1510;36,2;92;0
H30030;H;298,1;309,9;1686;29,1;60;0
L47412;L;298,2;308,4;1424;47,6;179;0
L51228;L;301,9;311;2691;12,1;31;1
L47773;L;297,5;309,6;1312;50,7;0;0
L47221;L;298,8;309,1;1368;50,8;115;0
L51996;L;303,4;312;1521;35,9;215;1
L51919;L;303,2;311,4;1351;53,8;8;1
M22709;M;300,3;311,7;1374;47,9;222;1
M15387;M;297,6;309,6;1592;35,8;57;0
L51359;L;302,4;310,9;1349;46,1;148;1
L47194;L;298,6;309,2;2035;19,6;40;0
M15312;M;297,4;308,6;1643;31;89;0
M19387;M;302,4;310,5;1372;45,7;144;1
L47626;L;297,5;308,6;1452;39;72;0
L47495;L;297,9;308,4;1646;40,6;175;0
L47716;L;297,4;309,3;1759;24,8;81;0
L51462;L;301,9;309,9;1374;48,5;180;1
L47586;L;297,4;308,6;1439;51,9;188;0
H34462;H;304;313,2;1271;68,6;161;1
L49512;L;299,2;308,5;1378;50,4;220;1
L47305;L;298,9;308,6;1560;32,2;118;0
M14952;M;298,9;308,9;1727;27,1;37;0
H32414;H;300,5;309,8;1324;72,8;159;1
M15506;M;297,7;309,4;1461;43,7;142;0
L47839;L;297,6;309,1;1449;49,1;174;0
L47212;L;299;309,4;1419;48,3;91;0
M15509;M;297,7;309,2;1732;28,8;152;0
L51822;L;303,2;311,4;1238;54,6;226;1
M15516;M;297,7;309,1;1732;28,1;167;0
L51344;L;302,2;310,6;1346;47,5;109;1
L47239;L;298,8;309,1;1378;54,4;165;0
M15488;M;298,4;310,1;1335;57,8;96;0
L47416;L;298,1;308,3;1495;38,7;188;0
L53204;L;300,7;310,9;1356;65,3;66;1
H29682;H;297,9;308;1800;24,8;44;0
H29432;H;298,8;309,2;1306;54,5;50;0
L47182;L;298,1;308,5;1498;49,4;5;0
L47795;L;298,1;309,9;1642;30,4;58;0
M15332;M;297,4;309;1497;41,8;144;0
L47384;L;298,4;308,5;1741;32,8;112;0
M19143;M;301,8;309,9;1334;61;182;1
L47279;L;298,8;308,8;1523;44,4;55;0
L47206;L;299,1;309,5;1512;39;75;0
L52668;L;302,7;312,2;1450;52,1;213;1
L47230;L;298,9;309,1;2861;4,6;143;1
L47181;L;298,2;308,7;1408;46,3;3;0
L47579;L;297,4;308,4;1392;49,7;174;0
L47294;L;298,8;308,6;1680;29,4;95;0
M19309;M;302,4;310,3;1378;54,3;165;1
L47658;L;297,4;309;1833;22,6;161;0
L47405;L;298,3;308,5;1362;53,8;164;0
L47598;L;297,4;308,4;2151;17,7;0;0
L51750;L;302,8;310,9;1312;52,2;40;1
L51034;L;302,4;311;1338;67,6;194;1
M15293;M;297,6;308,5;1848;23,7;37;0
L48689;L;298;308,5;1429;37,7;220;1
L47187;L;298,1;308,6;1527;40,2;16;0
L49195;L;298,5;308,2;1301;66,3;42;1
M15230;M;297,5;308,3;1622;37,2;103;0
M15184;M;297,8;308,5;1488;41,9;196;0
L53333;L;301;311,1;1236;64,4;177;1
L48943;L;298,2;307,6;1511;31;209;1
M19152;M;301,8;310,1;2372;13,9;205;1
H30011;H;297,6;309,6;1428;46,6;13;0
L47209;L;299;309,4;1693;30,1;84;0
M14890;M;299,1;309,5;1339;48,2;86;0
M15253;M;297,5;308,4;1350;52,2;157;0
L47430;L;298;308,3;1662;32,7;0;0
L47414;L;298,2;308,4;1478;42,9;183;0
L47486;L;297,8;308,4;1374;47,1;150;0
M14884;M;299;309,4;1561;37,3;70;0
M15427;M;297,7;309,7;1680;30,2;168;0
M15199;M;297,5;308,2;1713;32,2;17;0
M17286;M;298,9;308,2;1372;63,6;30;1
L47411;L;298,3;308,4;1408;43,1;177;0
M15023;M;298,4;308,2;1468;43,8;2;0
M19544;M;303,6;311,8;1421;44,8;101;1
M17026;M;299,6;309,2;1867;23,4;225;1
L47503;L;297,8;308,5;1561;46,3;194;0
M15503;M;297,8;309,4;1495;36,5;132;0
L47583;L;297,3;308,6;1273;59,8;182;0
M14948;M;299;309;1419;45,2;27;0
L49305;L;299,3;308,9;1258;69,4;119;1
M15024;M;298,5;308,3;1440;43,6;5;0
L47357;L;298,2;308,2;1988;21,4;41;0
L47762;L;297,8;309,7;1341;49,2;208;0
H29764;H;297,6;308,3;1400;44,3;43;0
L47593;L;297,4;308,4;1573;34,5;205;0
H35323;H;300,7;310,2;1364;65,3;208;1
L52156;L;303,7;312,7;1359;56,8;194;1
M20261;M;302,6;312,3;1454;54,8;253;1
M15465;M;297,9;309,8;1693;29,9;35;0
M15349;M;297,5;309,2;1347;55,8;188;0
M15360;M;297,5;309,2;1804;27,4;215;0
L48464;L;298,4;309,5;2153;15,3;98;1
M15192;M;297,6;308,3;1538;40,2;0;0
L47278;L;298,9;308,8;1529;32,7;53;0
L51994;L;303,4;311,8;1401;53;208;1
L47720;L;297,4;309,4;1473;45,5;94;0
L48571;L;298,9;310,2;2737;8,8;142;1
L47617;L;297,3;308,3;1538;38,5;47;0
M15206;M;297,5;308,3;1459;45,2;34;0
L54267;L;300,6;310,3;1648;30,5;217;1
L47270;L;298,9;308,9;1753;25,8;33;0
M15538;M;297,8;309,2;1295;61,2;12;0
M15211;M;297,6;308,4;1611;31;48;0
H29557;H;298,6;308,4;1407;50,5;164;0
L47251;L;298,9;309,1;1452;45,5;196;0
L47252;L;298,9;309,1;1369;44,4;198;0
H29552;H;298,8;308,6;1449;49,4;150;0
M20396;M;302,3;311,8;1363;54;119;1
M15216;M;297,6;308,4;1398;48,9;63;0
M15042;M;298,1;308,2;1342;48,1;54;0
H33665;H;302,5;310,9;1356;55,5;101;1
L51108;L;302,6;311,5;1442;59,8;169;1
M15339;M;297,4;308,9;1323;57,3;163;0
H29607;H;298,2;308,4;1678;34,6;81;0
H29425;H;298,6;309,1;1423;44,3;29;0
L47592;L;297,5;308,6;1388;48,2;203;0
L47400;L;298,3;308,5;1416;52,7;151;0
M19202;M;301,7;309,8;1284;68,2;111;1
L51427;L;302,6;311;1369;60;93;1
L47679;L;297,5;309,1;1515;35,1;213;0
L47725;L;297,6;309,4;1958;22,1;108;0
M19704;M;303,4;311,8;1316;50,9;69;1
L54849;L;300,7;311,8;1336;58,4;189;1
H29522;H;298,9;308,8;1621;32,7;75;0
H29580;H;298,4;308,2;1612;32,6;10;0
M23706;M;297,4;308,8;1325;62,4;204;1
L47788;L;298;309,9;1403;47,7;43;0
L47591;L;297,5;308,7;1429;44,3;201;0
L47371;L;298,2;308,4;1666;34,6;74;0
M15016;M;298,4;308,1;1495;46;203;0
M18980;M;302,1;310,7;1376;46,3;210;1
L50875;L;302,2;311,3;1530;37,3;207;1
M15294;M;297,5;308,5;1484;44,7;40;0
M23442;M;297,5;308,1;1334;72;151;1
L47703;L;297,4;309,4;1401;45,9;49;0
H29680;H;298;308,1;1440;43,7;37;0
L47644;L;297,3;308,6;1511;35,7;120;0
L47236;L;298,8;309,1;1477;42,4;158;0
L47571;L;297,6;308,6;1491;38,1;152;0
H29743;H;297,7;308,5;1720;29,9;210;0
M15329;M;297,3;308,8;1586;32,7;131;0
M15415;M;297,4;309,4;1539;42,2;134;0
M15237;M;297,4;308,2;1424;53,9;120;0
L51950;L;303,5;311,9;1344;49,3;93;1
H30062;H;297,7;309,3;1400;48,9;147;0
L47582;L;297,4;308,6;1678;32,3;180;0
L55537;L;298,5;309,5;1385;46,3;203;1
L55206;L;300,7;311,9;1399;50,2;222;1
M15226;M;297,6;308,5;1552;40,9;90;0
L47622;L;297,4;308,5;1399;61,5;61;1
L47406;L;298,3;308,4;1329;49,2;166;0
L47295;L;298,8;308,6;1431;45,7;97;0
L47321;L;298,7;308,5;1544;35,2;159;0
L47220;L;298,8;309,1;1362;45,4;113;0
L47811;L;298,4;310;1554;37,3;103;0
L47213;L;298,9;309,3;1665;32,5;93;0
L56844;L;299,1;310,2;1317;54,8;231;1
L47517;L;297,6;308,3;1742;27,7;13;0
H29716;H;297,8;308,4;1512;35,1;138;0
L47248;L;298,8;308,9;1527;32,4;189;0
L47299;L;298,7;308,5;1467;40,7;106;0
M16352;M;298;308,7;1479;58,5;176;1
L47845;L;297,5;308,9;1729;28,1;189;0
L51214;L;302;310,8;1615;29;235;1
M15057;M;298,4;308,6;1527;40,9;96;0
L52914;L;302,3;311,8;1369;56,2;208;1
L47378;L;298,4;308,7;1588;35;99;0
H29702;H;298,2;308,4;1385;42,2;98;0
M15740;M;295,8;306,3;1235;76,2;89;1
M21478;M;301,6;310,6;1309;65,8;75;1
L51563;L;301,7;309,5;1298;65,5;229;1
H29424;H;298,4;308,9;1782;23,9;24;0
L55064;L;300,8;312,4;1465;59,1;91;1
L47342;L;298,3;308,1;1586;35,5;0;0
L47825;L;297,7;309,4;1392;44,1;140;0
L47423;L;298;308,2;1442;44,1;204;0
L47713;L;297,5;309,3;1675;29,8;72;0
L47568;L;297,6;308,7;1455;48,2;145;0
M14949;M;298,9;308,9;1487;39,5;30;0
L47758;L;297,8;309,8;1533;36,8;198;0
H29626;H;298,4;308,7;1344;52,9;130;0
L47217;L;298,8;309,1;1439;39,2;104;0
L47320;L;298,8;308,6;1511;36,1;157;0
L51364;L;302,2;310,6;1334;53,2;159;1
L47461;L;298,1;308;1626;36,5;83;0
M14957;M;298,9;308,9;1750;29,9;50;0
M20194;M;303,4;312,6;2706;9,8;65;1
L47409;L;298,3;308,5;1538;32,2;173;0
L47721;L;297,4;309,4;1296;52,3;96;0
L51565;L;301,8;309,7;1442;45,3;233;1
H29884;H;297,3;308,8;1499;44,2;134;0
L47253;L;299;309,1;1592;35;200;0
L47647;L;297,2;308,5;2182;16,5;127;0
H30537;H;296,6;307,7;1386;62,3;100;1
M15079;M;298,3;308,5;1434;46,2;148;0
L51476;L;301,8;310,2;2825;5,8;215;1
L47782;L;297,9;309,8;2000;21,3;29;0
L47670;L;297,4;309,2;1459;37,9;191;0
M22286;M;300;311,4;1692;29;216;1
L47816;L;298,3;309,9;1463;43,9;116;0
M19525;M;303,4;311,4;1307;54;44;1
L51628;L;302,4;310,3;1374;51,2;163;1
L47319;L;298,8;308,6;1268;55,8;155;0
M14876;M;298,6;309,2;1311;46,6;44;0
L47485;L;297,8;308,4;2129;19,2;148;0
L50446;L;301,3;310,1;1269;56,8;195;1
L47544;L;297,6;308,4;1407;55,2;86;0
L47701;L;297,5;309,4;1497;35,8;44;0
L47581;L;297,5;308,5;1722;30,4;178;0
L47421;L;298;308,1;1777;24,3;200;0
L47770;L;297,5;309,4;1517;36,7;233;0
L47543;L;297,6;308,3;1438;47,8;84;0
L47449;L;298;308;1524;37;49;0
L47625;L;297,5;308,6;1793;26,7;70;0
L47690;L;297,5;309,3;1564;37,5;20;0
L47257;L;298,8;308,9;1455;41,3;208;1
L51935;L;303,4;311,7;1295;51,3;51;1
L47245;L;299;309,1;1394;45,1;179;0
M15191;M;297,6;308,4;1391;51,9;218;0
M15288;M;297,6;308,6;1595;36,9;25;0
M15361;M;297,6;309,3;1464;46,2;218;0
H29525;H;298,7;308,6;1499;43,5;84;0
L47453;L;298,1;308;1426;46;61;0
L47333;L;298,4;308,2;1850;27;194;0
L47575;L;297,4;308,3;1571;37,7;162;0
M15474;M;298;309,9;1445;45,2;55;0
L47730;L;297,4;309,2;1698;29,4;119;0
L47249;L;298,9;309;1410;65,7;191;1
L51724;L;302,5;310,4;1349;55,1;187;1
L54347;L;300,3;310,3;1362;60,3;206;1
L47847;L;297,5;308,9;1459;48,5;193;0
L48342;L;296,9;307,8;1400;57,1;202;1
L47637;L;297,4;308,6;1276;53,6;103;0
M23167;M;298,7;310,1;1402;69,7;64;1
L47850;L;297,6;309;1822;25,4;202;0
L54936;L;300,5;311,8;1368;57,9;191;1
H29949;H;297,4;309,3;1365;52,4;76;0
M18904;M;301,9;310,9;1419;47,7;20;1
M15204;M;297,5;308,2;2448;13,8;29;0
M15123;M;298;308,1;1587;32,3;30;0
L51655;L;302,7;310,5;1351;41,8;10;1
L47375;L;298,3;308,5;1453;42,9;89;0
L52100;L;303,4;312,2;1337;69,4;52;1
M14978;M;298,8;308,6;1707;28,1;103;0
L47672;L;297,5;309,3;1404;43,5;195;0
L47488;L;297,9;308,5;1305;47,2;155;0
H29635;H;298,4;308,5;1827;24,3;153;0
L47349;L;298,4;308,3;1318;59,1;22;0
M15413;M;297,4;309,3;1564;36;126;0
L51649;L;302,7;310,5;1446;40,9;211;1
L51675;L;302,6;310,4;1359;57,2;67;1
L47422;L;298;308,2;1348;58,8;202;1
M19249;M;302,1;310;1355;45,1;6;1
L52031;L;303,7;312,1;1363;51,8;90;1
M15136;M;298;307,9;1750;26,6;67;0
L47363;L;298,1;308,2;1485;40,7;57;0
L56355;L;297,8;309;1403;64,2;0;1
L52013;L;303,4;311,9;1377;41,6;34;1
H32554;H;300,4;309,9;2563;12,8;81;1
L47611;L;297,5;308,5;1446;41,9;32;0
L47648;L;297,3;308,7;1619;31,6;129;0
L47753;L;297,9;309,9;1472;45;183;0
L47334;L;298,4;308,2;1528;36,2;196;0
M22971;M;300,4;311,8;1553;33,1;209;1
L47639;L;297,4;308,6;1476;42,3;107;0
L47429;L;298;308,3;1405;56,2;218;1
M15356;M;297,5;309,2;1530;40;206;0
L47208;L;299,1;309,4;1439;44,2;82;0
H29990;H;297,7;309,7;1440;51,1;191;0
L54749;L;300,2;311;1255;71,8;149;1
M19033;M;302,2;310,6;1346;49,2;134;1
H29891;H;297,4;309;1468;41,4;156;0
L47671;L;297,4;309,2;1420;45,6;193;0
L47529;L;297,6;308,3;1595;34,3;41;0
L47654;L;297,4;309,1;1478;49,8;150;0
M15520;M;297,7;309,2;1700;27,4;176;0
L47304;L;298,9;308,7;1727;29,4;116;0
M15482;M;298,4;310,2;1725;32;80;0
L51550;L;302;309,9;1308;57,6;197;1
L47709;L;297,6;309,5;1569;36,2;63;0
M15169;M;297,9;308,5;1449;40,8;157;0
L53853;L;301,6;310,7;1380;51,8;216;1
L51621;L;302,5;310,2;1329;50,6;148;1
L47507;L;297,7;308,5;1373;56,7;203;1
L47383;L;298,4;308,5;1490;37,9;110;0
L47289;L;298,9;308,7;1572;34,1;80;0
L47432;L;298;308,2;1620;35,8;5;0
M15522;M;297,6;308,9;1479;38,1;182;0
L51759;L;303;311,2;1374;48,2;65;1
L56196;L;297,3;308,2;1396;52,7;212;1
M19213;M;302;309,7;1386;62,7;142;1
M14909;M;298,9;309,2;1412;44,1;140;0
M15502;M;297,8;309,4;1226;58,7;129;0
H30032;H;298,2;310;1433;44,2;68;0
L47761;L;297,8;309,7;1394;42,9;206;0
L49255;L;299,5;309,4;1390;58,8;195;1
L49674;L;299,1;308,8;1329;53,6;207;1
H29595;H;298,2;308,3;1824;24,2;49;0
L47662;L;297,3;309;1548;37,4;171;0
H35754;H;300,5;309,9;1397;45,9;210;1
L51580;L;302,3;310,1;1353;50,9;36;1
M15404;M;297,5;309,4;1831;26,6;105;0
M15455;M;297,6;309,6;1330;53,1;7;0
L48969;L;298,2;307,9;1313;67,3;67;1
L47835;L;297,7;309,1;1435;38,8;165;0
L47688;L;297,7;309,3;1893;24,6;15;0
M20254;M;302,8;312,3;1262;70,5;234;1
L47280;L;298,8;308,9;1852;25;57;0
H30006;H;297,5;309,5;1668;27,9;240;0
M18884;M;302,1;311;1351;60,3;207;1
L56944;L;298,5;309,5;1294;66,7;12;1
L47655;L;297,4;309,1;1380;41,1;152;0
L48083;L;295,7;306,2;2270;14,6;149;1
H29855;H;297,5;308,5;1393;46,6;56;0
M15477;M;298,1;310;1393;43,1;65;0
M15194;M;297,5;308,1;1469;44,8;5;0
L47780;L;297,8;309,7;1547;37,3;25;0
L48599;L;298,7;309,8;1354;53,3;212;1
H33769;H;302;309,8;1280;57,3;147;1
L50530;L;301,4;310,8;1285;62,6;183;1
L47477;L;298;308,5;1713;25,3;124;0
H29978;H;297,6;309,6;1669;32,1;155;0
M15155;M;298,1;308,6;1716;30,7;119;0
L52020;L;303,4;311,9;1298;63,9;59;1
M18981;M;302,1;310,7;1364;47,8;213;1
L47258;L;298,8;308,9;1398;51,5;0;0
L47726;L;297,5;309,4;1809;24,3;110;0
L51801;L;303;311,2;1341;51;174;1
L47799;L;298,3;310;1507;44,7;73;0
H29684;H;298;308;1520;39,6;51;0
M15333;M;297,4;309;1520;37;147;0
M14906;M;298,7;309;1843;25,8;130;0
H34192;H;303,6;312,2;1371;54,6;112;1
L47505;L;297,8;308,5;1699;27,8;199;0
H29494;H;298,8;308,8;1445;49,9;4;0
L47736;L;297,5;309,4;1357;50,1;137;0
M14872;M;298,6;309,1;1339;51,1;34;0
L47838;L;297,7;309,1;1562;36,8;172;0
H30008;H;297,6;309,6;1278;50,4;2;0
H29979;H;297,7;309,7;1570;35,8;160;0
L54689;L;300,6;311,9;1372;60,1;212;1
M19279;M;302,6;310,2;2676;10,8;84;1
L53705;L;301,1;310,4;1312;73,6;49;1
L51642;L;302,7;310,5;1263;67,8;197;1
L47469;L;298,1;308,4;1436;46,7;103;0
L47484;L;297,8;308,4;1737;27,5;146;0
M14882;M;298,9;309,3;1581;30,7;65;0
M15500;M;297,9;309,6;1515;38,8;124;0
L54690;L;300,5;311,8;1524;38,9;214;1
L47427;L;298;308,2;1469;45,5;214;0
L47803;L;298,4;310,1;1926;23,7;83;0
L47668;L;297,4;309,2;1584;42,8;186;0
H30083;H;297,5;308,9;1471;37,7;197;0
L54170;L;300,7;311,1;2478;13,4;170;1
L50709;L;301,9;310,9;1567;39;214;1
L47576;L;297,4;308,3;1490;42,6;164;0
L48964;L;298,3;308;2886;3,8;57;1
M15227;M;297,6;308,4;1569;38,3;93;0
L47768;L;297,6;309,4;1628;33,4;229;0
M19461;M;303;311,1;1372;54,3;117;1
L47496;L;297,8;308,4;1714;33,2;177;0
M15984;M;296,7;307,8;1258;69;105;1
M14902;M;298,8;309,1;1368;49,1;117;0
L54716;L;300,1;311,3;2579;12,5;64;1
L51898;L;303,3;311,6;1337;56,8;187;1
L56195;L;297,2;308,1;1431;49,7;210;1
M15067;M;298,4;308,7;1421;60,7;119;1
L47832;L;297,7;309,2;1391;44,5;159;0
L51776;L;303;311,2;1361;47,6;106;1
M15002;M;298,6;308,4;1778;28,2;161;0
L47506;L;297,7;308,5;1501;41,4;201;0
M19011;M;301,9;310,4;1373;48;73;1
L47854;L;297,8;309;1456;41,2;0;0
L47784;L;297,9;309,9;1542;33,8;33;0
L47183;L;298,2;308,6;1433;39,5;7;0
M15012;M;298,4;308,2;1584;41;191;0
L51681;L;302,5;310,2;1307;54;86;1
M15363;M;297,6;309,2;1442;48,1;0;0
M15467;M;298;309,9;1565;33,9;40;0
L51182;L;302,1;311,2;1454;59,2;153;1
L47300;L;298,9;308,7;1433;44,7;108;0
L47739;L;297,5;309,4;1503;40,6;144;0
L51123;L;302,3;311,4;1333;66,7;205;1
L47682;L;297,6;309,2;1390;43,3;221;0
L47386;L;298,5;308,7;1609;35,3;117;0
L47660;L;297,4;309;1583;32;166;0
H33243;H;302,3;310,9;1366;48,4;130;1
M15122;M;298,1;308,2;1736;26,8;27;0
M15377;M;297,5;309,4;1391;58,2;34;0
M14877;M;298,7;309,2;1410;45,6;47;0
M15220;M;297,5;308,3;1521;38,2;74;0
L52116;L;303,5;312,4;1284;70,6;94;1
M15398;M;297,4;309,3;1499;36,8;88;0
L51585;L;302,4;310,2;1331;45,5;53;1
L47853;L;297,6;308,9;1449;47,7;209;0
M15287;M;297,5;308,5;1496;42,2;22;0
M15142;M;298,1;308,1;1390;49,8;85;0
L47470;L;298,1;308,4;1438;45,6;105;0
L55379;L;299,2;310,7;1737;27;225;1
L47604;L;297,3;308,4;1430;45,7;15;0
L48515;L;299;310,4;1371;53,8;228;1
L47585;L;297,3;308,5;1350;57,6;186;0
M22424;M;300,3;311,2;1381;65,2;136;1
M15212;M;297,6;308,4;1507;46;51;0
L47570;L;297,6;308,7;1460;46,7;150;0
M14955;M;299;309;1351;52,2;44;0
L47830;L;297,6;309,2;1611;33,1;155;0
L47541;L;297,5;308,3;1596;36,8;77;0
L52399;L;303,8;313;1365;59,9;205;1
L47364;L;298,2;308,2;1667;30,6;59;0
L47307;L;298,9;308,6;1413;46,5;122;0
M19478;M;303;311,3;1335;53,6;164;1
M17531;M;299,7;309,3;1399;41,9;221;1
M17104;M;299,3;308,4;1542;37,5;203;1
L54939;L;300,4;311,8;1272;59,2;198;1
L50038;L;300,5;309,3;1417;51,5;231;1
M17801;M;300,7;309,6;1996;19,8;203;1
M14918;M;298,8;309;1661;29,5;162;0
L49941;L;299,8;309,3;1299;65,1;212;1
L47459;L;298;308,1;1819;23,4;78;0
L47493;L;298;308,6;1313;50,8;170;0
L47403;L;298,4;308,6;1569;34,4;160;0
M21659;M;301,1;310,7;2636;12,2;100;1
L54104;L;301,2;311,6;1461;52,9;208;1
M20859;M;300,4;310,2;1671;30,5;234;1
M18795;M;302,6;311,6;1227;68,2;187;1
L47624;L;297,4;308,4;1582;37,2;68;0
L47778;L;297,7;309,6;1480;47,9;18;0
L47696;L;297,5;309,3;1732;29,9;32;0
M19492;M;302,9;311,2;1330;53,7;200;1
M18674;M;302,1;310,6;1326;59,1;88;1
M22547;M;300,7;311,7;2097;18,9;232;1
L47750;L;297,7;309,7;1498;41;176;0
M14926;M;298,9;308,9;1679;28,7;181;0
L47498;L;297,8;308,4;1512;39,9;181;0
L48988;L;298,1;307,7;2567;12,8;125;1
L47851;L;297,5;308,9;1554;34,8;204;0
M15876;M;296,3;307,2;1319;68,3;24;1
M15412;M;297,4;309,3;1622;35;123;0
L47806;L;298,4;310,1;1533;35,2;92;0
L47596;L;297,4;308,5;1495;37,8;211;0
M15390;M;297,6;309,5;1709;32,2;65;0
L51299;L;302,1;310,7;1325;45,1;208;1
L47395;L;298,3;308,6;1548;40,3;140;0
L47752;L;297,8;309,9;1351;49;181;0
L55686;L;298,4;309,6;1710;27,3;163;1
L47370;L;298,2;308,4;1477;49,9;72;0
H33279;H;302,6;311,5;1629;34,4;228;1
H29909;H;297,5;309,3;1459;49,7;201;0
L47296;L;298,9;308,7;1564;34,1;99;0
L47553;L;297,4;308,3;1412;42;111;0
L47714;L;297,5;309,3;1623;33,4;74;0
M15429;M;297,7;309,6;1596;35,2;173;0
M18317;M;301,5;310,4;2639;12;21;1
M14992;M;298,7;308,4;1441;43,2;132;0
M18096;M;300,8;309,4;1342;62,4;113;1
H29691;H;298;308;1479;50,7;70;0
L47356;L;298,2;308,1;1618;34,7;39;0
L47642;L;297,4;308,7;1433;43,4;116;0
M15292;M;297,6;308,5;1466;39,7;34;0
M15407;M;297,5;309,4;1482;39,3;112;0
L53358;L;301,1;310,9;1282;67,9;10;1
L47819;L;298;309,6;1403;51,3;122;0
M14972;M;298,8;308,7;1498;39,5;89;0
L51503;L;301,8;310,3;1341;50,5;64;1
L47742;L;297,6;309,5;1574;30,9;151;0
H30046;H;298,3;310;1419;47,1;105;0
L47620;L;297,4;308,5;1389;39,2;54;0
L47391;L;298,5;308,7;1575;33,9;128;0
L51434;L;302,6;311;1284;68;114;1
L47678;L;297,5;309,1;1611;30,2;211;0
L51362;L;302,4;310,7;1362;54,8;155;1
L47559;L;297,3;308,2;1754;26,8;125;0
L47242;L;298,8;309;1829;22,9;172;0
H29441;H;299,1;309,4;1811;24,6;77;0
L47413;L;298,2;308,4;1512;34,9;181;0
L47769;L;297,6;309,4;1491;40,2;231;0
L47358;L;298,2;308,2;1436;50,2;43;0
H30090;H;297,9;309,2;1577;34,7;5;0
H29998;H;297,6;309,6;1419;48,2;215;0
L47404;L;298,3;308,6;1584;29,3;162;0
H30013;H;297,7;309,7;1616;31,1;20;0
L47341;L;298,3;308,1;1412;52,3;218;1
L47740;L;297,5;309,4;1318;58,2;146;0
M14956;M;299;309;1575;35,3;47;0
L47629;L;297,6;308,7;1622;37,9;79;0
L53428;L;300,8;310,1;1405;61,2;189;1
L47722;L;297,5;309,4;1803;24,7;98;0
L49013;L;297,8;307,3;1327;61;186;1
H29783;H;297,5;308,4;1587;36,1;98;0
L57002;L;298,5;309,4;1360;60,9;187;1
L53658;L;300,5;309,8;1663;29,1;145;1
H29462;H;298,8;309,2;1425;53,9;135;0
L47281;L;298,8;308,8;1991;20,7;59;0
L47351;L;298,2;308,1;1462;50,8;27;0
L47834;L;297,8;309,2;1683;30,9;163;0
L47501;L;297,8;308,4;1518;32,5;190;0
L56793;L;299;310,2;1377;62,5;92;1
L55578;L;298,5;309,7;2617;12,1;102;1
L47545;L;297,6;308,4;1353;57,5;88;0
M15456;M;297,6;309,6;1530;37,3;10;0
M15521;M;297,6;309;1427;45,6;179;0
L53939;L;301,7;311;1441;44,3;208;1
L47428;L;298;308,3;1362;56,8;216;1
M15154;M;298,1;308,5;1372;51,1;116;0
L47426;L;297,9;308,1;1585;33,5;212;0
L47285;L;298,8;308,7;1591;31,1;68;0
L55372;L;299,6;310,9;1229;65,2;209;1
L47706;L;297,6;309,5;1373;50,6;55;0
L47360;L;298,2;308,3;1475;49,9;47;0
M15249;M;297,6;308,7;1408;54,8;147;0
L47396;L;298,3;308,6;1499;38,3;142;0
L52016;L;303,3;311,8;1315;62;42;1
M19030;M;302,2;310,6;1355;51,5;126;1
L48324;L;297;307,9;1296;69,1;153;1
M14868;M;298,3;308,7;1667;28,6;18;0
L50791;L;301,7;310,9;1405;46,4;207;1
L47354;L;298,2;308,1;1306;58,3;35;0
M19113;M;302,6;311;1329;48,6;111;1
L47560;L;297,5;308,3;2564;12,8;127;1
L49624;L;299,2;308,6;1267;68,2;76;1
M14963;M;298,8;308,8;1441;40,5;63;0
L47817;L;298,2;309,7;1585;37,4;118;0
L47367;L;298,2;308,4;1379;43,1;65;0
H29452;H;298,9;309,2;1379;50,7;106;0
L47711;L;297,6;309,5;1549;34,9;68;0
L47434;L;298;308,2;1514;37,9;9;0
M15310;M;297,6;308,7;1419;41,7;81;0
L47831;L;297,6;309,1;1503;38,9;157;0
L47548;L;297,5;308,4;1489;39,5;96;0
M15120;M;298,2;308,3;1522;49,1;22;0
L48275;L;296,9;307,5;2721;9,3;18;1
L47205;L;299;309,5;1861;23,3;73;0
L55788;L;297,4;308,4;1369;50,6;220;1
L51690;L;302,4;310,2;1346;62,4;106;1
L47184;L;298,2;308,7;1408;40;9;0
L47738;L;297,5;309,4;1650;34,6;142;0
L52580;L;302,7;312,4;1477;46,3;251;1
M15364;M;297,6;309,3;1529;41,9;3;0
L55617;L;298,7;309,8;1181;65,9;203;1
L56594;L;298,1;308,6;1354;53,9;207;1
M19393;M;302,4;310,3;1375;52,5;161;1
L53435;L;301;310,5;1379;57,3;204;1
L51261;L;302;310,4;1336;58,2;110;1
L47389;L;298,4;308,6;1477;44;124;0
L52886;L;302,4;311,9;1290;70;139;1
M15032;M;298,1;308;1924;20,8;29;0
L47833;L;297,8;309,3;2015;20,1;161;0
L47467;L;298,2;308,3;1805;31,6;96;0
L52011;L;303,5;312;1366;54,5;30;1
L47261;L;298,9;308,9;1450;47,5;9;0
M15131;M;298,1;308,1;1452;40,8;56;0
H29434;H;298,9;309,3;1375;42,7;58;0
L47329;L;298,4;308,3;1473;39,9;184;0
M19529;M;303,3;311,5;1373;47,3;60;1
M14923;M;298,9;309;1812;25,9;174;0
L47793;L;298,1;309,9;1634;30;53;0
H31096;H;297,9;307,4;1604;36,1;225;1
L47418;L;297,9;308,1;1393;50,3;193;0
L47398;L;298,3;308,6;1447;38,1;146;0
L48676;L;298;308,7;1268;69,4;189;1
L50549;L;301,5;310,9;2760;8;15;1
M15062;M;298,4;308,5;1636;35,7;107;0
L48027;L;296,4;307,4;2833;5,6;213;1
L47558;L;297,3;308,2;1754;29,4;123;0
L47438;L;298,1;308,2;1482;37,9;17;0
L47441;L;298,1;308,2;1654;32,1;25;0
M14879;M;298,9;309,3;1632;32,5;55;0
M14896;M;298,9;309,2;1581;36,7;101;0
L51267;L;301,9;310,4;1376;54,9;126;1
M15480;M;298,3;310,1;1389;49,6;75;0
L47259;L;298,8;308,9;1402;37,9;2;0
H29560;H;298,5;308,4;1612;36,1;174;0
L47339;L;298,4;308,2;1471;47;214;0
L49479;L;299,4;308,7;1446;62,9;134;1
L47379;L;298,4;308,6;1433;47,1;101;0
H29812;H;297,4;308,3;1502;43,6;169;0
L47282;L;298,8;308,8;1555;40,6;61;0
M14945;M;299;309;1804;26,8;17;0
L47815;L;298,3;310;1858;23,9;114;0
L52168;L;303,8;313,1;2497;13;5;1
L47561;L;297,5;308,5;1546;40,4;129;0
M15201;M;297,4;308,2;1530;32,6;22;0
L48514;L;299;310,4;1365;49,1;226;1
L47527;L;297,5;308,3;1544;40,8;37;0
M15167;M;297,8;308,4;1579;36,6;152;0
M15236;M;297,4;308,2;1401;51,9;117;0
L49682;L;299,2;309;1515;48,9;228;1
L47263;L;299;309;1469;40,1;13;0
H34175;H;303,7;311,9;1332;52,7;66;1
L47574;L;297,5;308,4;1528;39,9;160;0
L47262;L;298,9;308,9;1453;40,8;11;0
M21538;M;301,5;310,7;1336;65,6;0;1
M14873;M;298,6;309,2;1742;30;37;0
L47195;L;298,6;309,2;1542;48,4;42;0
L47330;L;298,4;308,3;1422;42,7;186;0
L47359;L;298,2;308,3;1304;49,8;45;0
L47309;L;298,9;308,5;1559;34,3;126;0
L47603;L;297,3;308,3;1484;43,9;13;0
L53677;L;300,8;309,9;1312;65,3;192;1
M15163;M;297,8;308,4;1479;43,5;143;0
L47388;L;298,4;308,6;1591;36,7;122;0
M15174;M;297,9;308,5;1300;53;172;0
L51251;L;301,9;310,6;1331;68,6;85;1
L47528;L;297,6;308,3;1617;31,7;39;0
M15439;M;297,8;309,7;1700;31,3;200;0
L51365;L;302,2;310,6;1348;48,4;161;1
M15138;M;298;308;1620;29,4;75;0
L47302;L;299;308,8;1310;50,7;112;0
L51800;L;303,1;311,3;1336;52,6;172;1
H33894;H;302,7;310,4;1305;55,2;20;1
M16856;M;298,4;308;1416;38,2;198;1
L47271;L;298,9;308,9;1830;24,9;35;0
L56756;L;299,6;310,7;1922;23,3;205;1
M14993;M;298,7;308,4;1430;49,6;135;0
L51791;L;303;311,3;1365;56,2;146;1
H29466;H;298,8;309;1497;43,8;147;0
M15434;M;297,9;310;1439;41,7;185;0
L56673;L;299,1;309,8;1398;55,4;217;1
L47502;L;297,8;308,5;1448;40;192;0
M14995;M;298,8;308,5;1711;28,5;140;0
M21400;M;301,4;310,7;1368;63,7;92;1
L47203;L;299;309,4;1758;25,7;68;0
L47641;L;297,4;308,7;1402;40,2;114;0
L52164;L;303,8;313,1;1256;58,7;213;1
M15140;M;298,1;308,1;1456;43,7;80;0
L47638;L;297,3;308,6;1486;42,6;105;0
M15280;M;297,3;308,3;1301;39,6;5;0
L47656;L;297,4;309;1570;37,9;154;0
L47805;L;298,3;310,1;1545;36,3;90;0
L47227;L;298,8;309,1;1418;46,3;133;0
L47610;L;297,5;308,6;1596;37,1;30;0
L47365;L;298,2;308,2;1446;38,2;61;0
L47381;L;298,3;308,5;1575;41,2;105;0
L47698;L;297,6;309,5;1924;20,6;37;0
H29707;H;298,1;308,5;1392;44,8;111;0
M15104;M;298;308,2;1395;49,1;206;0
M15252;M;297,6;308,5;1490;43,4;154;0
M15097;M;298;308,1;1552;36,6;190;0
L47537;L;297,6;308,4;1517;34,2;66;0
L47445;L;298;308,1;1454;37,1;35;0
L50708;L;302;310,9;1378;53,1;212;1
L50864;L;302;311,2;1270;65,3;182;1
M15341;M;297,3;309;1556;39,5;168;0
L53436;L;301;310,6;1493;37,8;206;1
L47589;L;297,4;308,6;1459;41,3;196;0
L47566;L;297,6;308,7;1319;50,9;141;0
M15065;M;298,5;308,6;1344;53;114;0
